Date,Hong Kong MarketValueUSD,Hong Kong Count,United States MarketValueUSD,United States Count,Europe MarketValueUSD,Europe Count,Australia MarketValueUSD,Australia Count,Canada MarketValueUSD,Canada Count,China MarketValueUSD,China Count
2022-01-03,3383039.67,2.00,165387294.55,50,,,,,,,,
2022-01-04,3375758.65,2.00,175782367.78,44,,,,,,,,
2022-01-05,3560266.88,2.00,171455146.03,44,,,,,,,,
2022-01-06,3544854.35,2.00,126966985.13,44,,,,,,,,
2022-01-07,2591872.86,2.00,126001665.13,43,,,,,,,,
2022-01-10,2608559.93,2.00,126067080.05,44,,,,,,,,
2022-01-11,2603248.45,2.00,133747610.15,42,,,,,,,,
2022-01-12,2724213.37,2.00,143497675.17,42,,,,,,,,
2022-01-13,2884680.11,2.00,148749084.15,42,,,,,,,,
2022-01-14,3043530.98,2.00,138407708.92,42,,,,,,,,
2022-01-17,2792962.45,2.00,138424687.00,42,,,,,,,,
2022-01-18,2798066.99,2.00,129931677.77,51,,,,,,,,
2022-01-19,2748045.05,2.00,109792670.06,43,606576.53,1.00,,,,,,
2022-01-20,2505283.79,2.00,109015878.09,42,601380.27,1.00,,,,,,
2022-01-21,2499502.20,2.00,106868884.01,42,587681.69,1.00,,,,,,
2022-01-24,2367834.16,2.00,101910931.34,48,535617.38,1.00,,,,,,
2022-01-25,2138027.56,2.00,102490601.61,44,542874.83,1.00,,,,,,
2022-01-26,2144644.66,2.00,102595495.53,45,553591.68,1.00,,,,,,
2022-01-27,2143515.37,2.00,101519116.49,45,536853.02,1.00,,,,,,
2022-01-28,2101523.21,2.00,103474601.16,44,529689.25,1.00,,,,,,
2022-01-31,2121870.25,2.00,106445880.75,50,556587.62,1.00,,,,,,
2022-02-01,2123525.37,2.00,114597322.60,45,606355.39,1.00,,,,,,
2022-02-02,2123525.37,2.00,133355317.17,47,697522.59,1.00,,,,,,
2022-02-03,2123525.37,2.00,128460946.31,46,702512.81,1.00,,,,,,
2022-02-04,2785055.06,2.00,128806129.45,46,669452.80,1.00,,,,,,
2022-02-07,2677253.81,2.00,128439644.97,49,672532.93,1.00,,,,,,
2022-02-08,2652722.59,2.00,129128056.32,43,678740.10,1.00,,,,,,
2022-02-09,2705170.24,2.00,129073922.77,44,697338.33,1.00,,,,,,
2022-02-10,2705865.73,2.00,127642412.91,43,695821.75,1.00,,,,,,
2022-02-11,2785469.73,2.00,114096450.82,46,616349.40,1.00,,,,,,
2022-02-14,2445160.52,2.00,98135078.42,50,693944.24,1.00,,,,,,
2022-02-15,2760037.55,2.00,101030046.85,41,705656.46,1.00,,,,,,
2022-02-16,2857223.39,2.00,99690448.37,41,731731.02,1.00,,,,,,
2022-02-17,2927033.68,2.00,97767858.26,41,718269.36,1.00,,,,,,
2022-02-18,2907083.72,2.00,91945394.03,40,662221.40,1.00,,,,,,
2022-02-21,2667767.13,2.00,91927726.02,40,641571.32,1.00,,,,,,
2022-02-22,2608768.46,2.00,92541465.48,50,820674.11,1.00,,,,,,
2022-02-23,3317841.50,2.00,91398281.35,40,808218.73,1.00,,,,,,
2022-02-24,3231465.20,2.00,89381624.42,40,744081.66,1.00,,,,,,
2022-02-25,3056286.15,2.00,90714393.78,40,815116.69,1.00,,,,,,
2022-02-28,3172250.24,2.00,91020748.70,45,817997.89,1.00,,,,,,
2022-03-01,3190541.44,2.00,93362408.07,41,805948.75,1.00,,,,,,
2022-03-02,3306929.28,2.00,103679556.78,41,892863.41,1.00,,,,,,
2022-03-03,3546602.54,2.00,102966514.16,40,894207.16,1.00,,,,,,
2022-03-04,3467991.81,2.00,102047005.03,40,846949.44,1.00,,,,,,
2022-03-07,3343121.31,2.00,111271284.54,47,490191.52,1.00,,,,,,
2022-03-08,1894106.28,2.00,107392348.95,42,440743.70,1.00,,,,,,
2022-03-09,1799128.38,2.00,109746332.41,42,484770.45,1.00,,,,,,
2022-03-10,1851613.69,2.00,118438364.96,42,491356.22,1.00,,,,,,
2022-03-11,1988187.86,2.00,117143370.00,42,496598.29,1.00,,,,,,
2022-03-14,1890486.63,2.00,113607538.23,46,1188926.49,1.00,,,,,,
2022-03-15,1129837.24,2.00,103642760.51,42,1085262.83,1.00,,,,,,
2022-03-16,1172073.94,1.00,102472520.44,40,1130437.67,1.00,,,,,,
2022-03-17,1124670.74,1.00,94182895.01,40,1032653.35,1.00,,,,,,
2022-03-18,1024469.08,1.00,95142617.34,40,1039595.75,1.00,,,,,,
2022-03-21,1027650.66,1.00,97272938.60,46,1077549.23,1.00,,,,,,
2022-03-22,1094499.65,1.00,104907106.93,42,1151684.66,1.00,,,,,,
2022-03-23,1145356.64,1.00,106167472.96,42,1176682.56,1.00,,,,,,
2022-03-24,1187195.54,1.00,113042159.15,42,1227021.62,1.00,,,,,,
2022-03-25,1218188.66,1.00,113777966.93,42,1228349.52,1.00,,,,,,
2022-03-28,1248044.03,1.00,122990731.99,46,1033844.69,1.00,,,,,,
2022-03-29,1183906.48,1.00,127468233.76,42,884197.19,1.00,,,,,,
2022-03-30,1308839.16,1.00,132319150.86,42,604023.38,1.00,,,,,,
2022-03-31,1307815.03,1.00,136924170.65,42,295803.07,1.00,,,,,,
2022-04-01,1405402.35,1.00,136548282.69,42,0.00,1.00,,,,,,
2022-04-04,1351920.98,1.00,138087542.78,48,,,,,,,,
2022-04-05,1351920.98,1.00,134262046.32,38,,,,,,,,
2022-04-06,1341256.55,1.00,119160089.39,38,,,,,,,,
2022-04-07,1207578.33,1.00,113626409.01,37,,,,,,,,
2022-04-08,1158927.51,1.00,112969350.74,37,,,,,,,,
2022-04-11,1127185.73,1.00,110847582.95,44,,,,,,,,
2022-04-12,1143409.31,1.00,107782328.26,38,,,,,,,,
2022-04-13,1080128.39,1.00,109167067.22,38,,,,,,,,
2022-04-14,1093220.96,1.00,108864885.78,37,,,,,,,,
2022-04-15,1093220.96,1.00,108864885.78,37,,,,,,,,
2022-04-18,1093220.96,1.00,105274916.53,41,,,,,,,,
2022-04-19,1005588.68,1.00,105653023.86,37,,,,,,,,
2022-04-20,1020483.22,1.00,110373944.04,36,,,,,,,,
2022-04-21,1081982.34,1.00,109184568.52,36,,,,,,,,
2022-04-22,1130530.78,1.00,93478157.12,36,,,,,,,,
2022-04-25,932490.16,1.00,76673273.95,38,,,,,,,,
2022-04-26,827668.80,1.00,78118866.16,32,,,,,,,,
2022-04-27,902756.40,1.00,75815498.82,31,,,,,,,,
2022-04-28,871062.34,1.00,77692694.65,31,,,,,,,,
2022-04-29,885445.80,1.00,69279063.75,31,,,,,,,,
2022-05-02,885445.80,1.00,57988562.06,37,,,,,,,,
2022-05-03,641992.04,1.00,58331159.48,34,,,,,,,,
2022-05-04,661924.79,1.00,60474360.41,34,,,,,,,,
2022-05-05,663674.76,1.00,59184728.62,34,,,,,,,,
2022-05-06,0.00,1.00,48821348.80,35,,,,,,,,
2022-05-09,,,45243424.38,37,,,,,,,,
2022-05-10,,,39503590.44,33,,,,,,,,
2022-05-11,,,36450006.70,33,,,,,,,,
2022-05-12,,,36270908.46,33,,,,,,,,
2022-05-13,,,37884583.71,33,,,,,,,,
2022-05-16,,,37874724.63,36,,,,,,,,
2022-05-17,,,40622111.29,36,,,,,,,,
2022-05-18,,,39184923.23,31,,,,,,,,
2022-05-19,,,35014376.72,33,,,,,,,,
2022-05-20,,,35286110.41,31,,,,,,,,
2022-05-23,,,38046110.38,40,,,,,,,,
2022-05-24,,,37626561.54,31,,,,,,,,
2022-05-25,,,39616296.32,31,,,4753.23,1.00,,,,
2022-05-26,,,42244827.90,31,,,4760.67,1.00,,,,
2022-05-27,,,43611414.43,31,,,5147.93,1.00,,,,
2022-05-30,,,43611414.43,31,,,5174.26,1.00,,,,
2022-05-31,,,43712214.30,35,,,5155.37,1.00,,,,
2022-06-01,,,48367184.56,32,,,5429.72,1.00,,,,
2022-06-02,,,51385811.41,32,,,2816.79,1.00,,,,
2022-06-03,,,50627124.62,31,,,2935.48,1.00,,,,
2022-06-06,,,50845709.81,35,,,0.00,1.00,,,,
2022-06-07,,,54855672.24,29,,,,,,,,
2022-06-08,,,56301633.18,29,,,,,,,,
2022-06-09,,,57140088.68,29,,,,,,,,
2022-06-10,,,51247585.18,29,,,,,,,,
2022-06-13,,,45720851.44,36,,,,,,,,
2022-06-14,,,37064740.29,31,,,,,,,,
2022-06-15,,,37548971.24,32,,,,,,,,
2022-06-16,,,37668080.61,31,,,,,,,,
2022-06-17,,,37765902.23,31,,,,,,,,
2022-06-21,,,40339032.29,38,,,,,,,,
2022-06-22,,,40017906.05,31,,,,,,,,
2022-06-23,,,42354496.10,31,,,,,,,,
2022-06-24,,,45677565.48,31,,,,,,,,
2022-06-27,,,49709931.33,35,,,,,,,,
2022-06-28,,,48665952.68,30,,,,,,,,
2022-06-29,,,48178156.12,30,,,,,,,,
2022-06-30,,,44495891.32,30,,,,,,,,
2022-07-01,,,43301092.37,31,,,,,,,,
2022-07-04,,,43301162.97,31,,,,,,,,
2022-07-05,,,41415186.88,35,,,,,,,,
2022-07-06,,,42352699.30,33,,,,,,,,
2022-07-07,,,45869921.96,32,,,,,,,,
2022-07-11,,,47182607.84,37,,,,,,,,
2022-07-12,,,46702302.53,33,,,,,,,,
2022-07-13,,,46248134.58,31,,,,,,,,
2022-07-14,,,46260456.53,31,,,,,,,,
2022-07-15,,,54853433.26,31,,,,,,,,
2022-07-18,,,63698270.37,43,,,,,,,,
2022-07-19,,,69301306.68,36,,,,,,,,
2022-07-20,,,67361188.61,36,,,,,,,,
2022-07-21,,,65807090.76,36,,,,,,,,
2022-07-22,,,78500064.89,37,,,,,,,,
2022-07-25,,,78166293.70,41,,,,,,,,
2022-07-26,,,76965818.69,38,,,,,,,,
2022-07-27,,,78626409.25,38,,,,,,,,
2022-07-28,,,70992982.86,38,,,,,6512.08,1.00,,
2022-07-29,,,72034432.95,38,,,,,6525.42,1.00,,
2022-08-01,,,72030586.94,47,,,,,6502.05,1.00,,
2022-08-02,,,71737150.09,35,,,,,6440.27,1.00,,
2022-08-03,,,72887575.01,34,,,,,6440.41,1.00,,
2022-08-04,,,80851165.84,35,,,,,6770.63,1.00,,
2022-08-05,,,83151509.64,34,,,,,6681.56,1.00,,
2022-08-08,,,79737048.37,39,,,,,6148.03,1.00,,
2022-08-09,,,79342445.88,32,,,,,6115.34,1.00,,
2022-08-10,,,87889937.09,33,,,,,6703.68,1.00,,
2022-08-11,,,89245615.29,34,,,,,6354.49,1.00,,
2022-08-12,,,81324234.10,34,,,,,4546.97,1.00,,
2022-08-15,,,81233197.71,42,,,,,3117.00,1.00,,
2022-08-16,,,85560601.57,34,,,,,3311.25,1.00,,
2022-08-17,,,81485591.59,34,,,,,3170.05,1.00,,
2022-08-18,,,84151699.09,34,,,,,3261.43,1.00,,
2022-08-19,,,83056165.05,34,,,,,3125.19,1.00,,
2022-08-22,,,71722138.93,37,,,,,1249.73,2.00,,
2022-08-23,,,71605758.74,33,,,,,1256.12,1.00,,
2022-08-24,,,71464443.77,32,,,,,1250.21,1.00,,
2022-08-25,,,75674859.84,32,,,,,1358.81,1.00,,
2022-08-26,,,73339494.70,32,,,,,1344.43,1.00,,
2022-08-29,,,58066444.16,40,,,,,1338.49,1.00,,
2022-08-30,,,59886851.12,34,,,,,1333.34,1.00,,
2022-08-31,,,59459423.41,35,,,,,1328.25,1.00,,
2022-09-01,,,56799485.53,34,,,,,1407.47,1.00,,
2022-09-02,,,55655222.83,32,,,,,1515.84,1.00,,
2022-09-05,,,55655222.83,31,,,,,1514.25,1.00,,
2022-09-06,,,59251275.91,36,,,,,3136.82,2.00,,
2022-09-07,,,60294537.30,34,,,,,3064.07,2.00,,
2022-09-08,,,62437593.03,34,,,,,3240.58,2.00,,
2022-09-09,,,68839827.76,33,,,,,3447.97,2.00,,
2022-09-12,,,69500908.09,42,,,,,3458.21,2.00,,
2022-09-13,,,59716925.36,33,,,,,3129.34,2.00,,
2022-09-14,,,44053245.98,34,,,,,2239.03,2.00,,
2022-09-15,,,45118599.73,35,,,,,2404.16,2.00,,
2022-09-16,,,44791610.39,33,,,,,2223.91,2.00,,
2022-09-19,,,23508638.47,40,,,,,1154.76,2.00,,
2022-09-20,,,24115594.42,33,,,,,1324.57,2.00,,
2022-09-21,,,23110529.85,33,,,,,1321.52,2.00,,
2022-09-22,,,23370345.46,32,,,,,2002.43,3.00,,
2022-09-23,,,22211313.56,31,,,,,1990.39,3.00,,
2022-09-26,,,22096983.62,34,,,,,1959.61,3.00,,
2022-09-27,,,23374621.38,33,,,,,2123.12,3.00,,
2022-09-28,,,23107512.25,32,,,,,2164.39,3.00,,
2022-09-29,,,22432148.22,32,,,,,2142.77,3.00,,
2022-09-30,,,20083245.61,33,,,,,2120.19,3.00,,
2022-10-03,,,20611389.95,38,,,,,1907.68,3.00,,
2022-10-04,,,21206823.61,33,,,,,2002.17,3.00,,
2022-10-05,,,21122943.72,33,,,,,1972.38,3.00,,
2022-10-06,,,21567261.94,33,,,,,1168.37,3.00,,
2022-10-07,,,20935994.97,33,,,,,1167.33,2.00,,
2022-10-10,,,18526807.32,38,,,,,1163.64,2.00,,
2022-10-11,,,17269296.84,33,,,,,522.75,2.00,,
2022-10-12,,,17254324.30,33,,,,,522.55,1.00,,
2022-10-13,,,17668928.57,33,,,,,524.37,1.00,,
2022-10-14,,,17663122.41,33,,,,,519.08,1.00,,
2022-10-17,,,18226240.78,43,,,,,525.54,1.00,,
2022-10-18,,,18449291.05,34,,,,,525.52,1.00,,
2022-10-19,,,18442293.62,34,,,,,523.33,1.00,,
2022-10-20,,,19094873.38,35,,,,,522.41,1.00,,
2022-10-21,,,19545062.61,34,,,,,528.06,1.00,,
2022-10-24,,,19764088.37,38,,,,,526.01,1.00,,
2022-10-25,,,20724607.05,33,,,,,529.79,1.00,,
2022-10-26,,,20434394.36,33,,,,,534.05,1.00,,
2022-10-27,,,21152761.03,33,,,,,1114.00,2.00,,
2022-10-28,,,21641213.49,33,,,,,1109.28,2.00,,
2022-10-31,,,21535064.11,41,,,,,1105.78,2.00,,
2022-11-01,,,21396542.43,34,,,,,1105.01,2.00,,
2022-11-02,,,20723758.59,34,,,,,1098.31,2.00,,
2022-11-03,,,19350837.55,34,,,,,1010.36,2.00,,
2022-11-04,,,20204205.05,34,,,,,1027.81,2.00,,
2022-11-07,,,21250437.76,37,,,,,1182.67,2.00,,
2022-11-08,,,22125495.55,32,,,,,1273.37,2.00,,
2022-11-09,,,22660863.32,32,,,,,1341.71,2.00,,
2022-11-10,,,24039958.44,32,,,,,1374.94,2.00,,
2022-11-11,,,25982000.77,32,,,,,1381.90,2.00,,
2022-11-14,,,30979447.99,42,,,,,2205.03,3.00,,
2022-11-15,,,31330531.09,34,,,,,2211.84,3.00,,
2022-11-16,,,34978743.45,35,,,,,7377.43,3.00,,
2022-11-17,,,35109867.01,34,,,,,7618.66,3.00,,
2022-11-18,,,37045250.81,34,,,,,8009.74,3.00,,
2022-11-21,,,39396589.45,41,,,,,12259.04,3.00,,
2022-11-22,,,40383948.63,32,,,,,12514.96,3.00,,
2022-11-23,,,41858965.48,32,,,,,13220.83,6.00,,
2022-11-24,,,41858980.18,32,,,,,13274.55,3.00,,
2022-11-25,,,43721748.08,32,,,,,13756.68,3.00,,
2022-11-28,,,52124693.92,36,,,,,9082.66,3.00,,
2022-11-29,,,51964739.67,33,,,,,9004.28,2.00,,
2022-11-30,,,53411296.97,33,,,,,9118.49,2.00,,
2022-12-01,,,54049798.47,33,,,,,9360.48,2.00,,
2022-12-02,,,54413909.47,33,,,,,9362.23,2.00,,
2022-12-05,,,54446019.47,39,,,,,4309.28,2.00,,
2022-12-06,,,53931696.36,35,,,,,4309.93,1.00,,
2022-12-07,,,55528227.26,36,,,,,4315.74,1.00,,
2022-12-08,,,59529220.07,35,,,,,4690.19,1.00,,
2022-12-09,,,59103880.91,36,,,,,4652.18,1.00,,
2022-12-12,,,58162382.25,42,,,,,4916.97,1.00,,
2022-12-13,,,64615390.00,36,,,,,5533.82,1.00,,
2022-12-14,,,63052956.59,36,,,,,5548.32,1.00,,
2022-12-15,,,65201169.82,36,,,,,5515.32,1.00,,
2022-12-16,,,55363506.33,37,,,,,4752.41,1.00,,
2022-12-19,,,57757969.92,47,,,,,5576.26,1.00,,
2022-12-20,,,54180468.70,38,,,,,5171.41,1.00,,
2022-12-21,,,54729333.99,39,,,,,5161.53,1.00,,
2022-12-22,,,54041144.39,38,,,,,5123.03,1.00,,
2022-12-23,,,54043476.09,38,,,,,5104.02,1.00,,
2022-12-26,,,54043476.09,38,,,,,5108.18,1.00,,
2022-12-27,,,52873534.56,44,,,,,5131.78,1.00,,
2022-12-28,,,53436946.82,40,,,,,0.00,1.00,,
2022-12-29,,,54249940.74,40,,,,,,,,
2022-12-30,,,54341447.86,40,,,,,,,,
2023-01-03,,,57741432.40,43,,,,,,,,
2023-01-04,,,58107104.70,39,,,,,,,,
2023-01-05,,,61981291.13,39,,,,,,,,
2023-01-06,,,70328157.91,39,,,,,,,,
2023-01-09,,,71401962.92,45,,,,,,,,
2023-01-10,,,71833196.00,39,,,,,,,,
2023-01-11,,,72978753.30,39,,,,,,,,
2023-01-12,,,73646488.66,39,,,,,,,,
2023-01-13,,,76030753.02,39,,,,,,,,
2023-01-16,,,76030758.02,39,,,,,,,,
2023-01-17,,,77598328.07,48,,,,,,,,
2023-01-18,,,77405185.26,40,,,,,,,,
2023-01-19,,,77436615.18,40,,,,,,,,
2023-01-20,,,82946466.67,40,,,,,,,,
2023-01-23,,,76336335.44,44,,,,,,,,
2023-01-24,,,76406793.35,43,,,,,,,,
2023-01-25,,,80952585.75,42,,,,,,,,
2023-01-26,,,86872512.82,41,,,,,,,,
2023-01-27,,,87008435.08,42,,,,,,,,
2023-01-30,,,86613895.45,46,,,,,,,,
2023-01-31,,,87255429.65,41,,,,,,,,
2023-02-01,,,88434806.61,42,,,,,,,,
2023-02-02,,,94086924.66,41,,,,,,,,
2023-02-03,,,87757051.13,45,,,,,,,,
2023-02-06,,,76440562.52,46,,,,,,,,
2023-02-07,,,77214632.16,40,,,,,,,,
2023-02-08,,,76673144.48,40,,,,,,,,
2023-02-09,,,78093213.49,40,,,,,,,,
2023-02-10,,,76476714.30,43,,,,,,,,
2023-02-13,,,82082810.78,55,,,,,,,,
2023-02-14,,,82290852.92,40,,,,,,,,
2023-02-15,,,88075631.62,41,,,,,,,,
2023-02-16,,,92194100.21,40,,,,,,,,
2023-02-17,,,62884086.67,40,,,,,,,,
2023-02-20,,,62884150.67,40,,,,,,,,
2023-02-21,,,53391673.01,45,,,,,,,,
2023-02-22,,,47184799.07,39,,,,,,,,
2023-02-23,,,50178416.91,39,,,,,,,,
2023-02-24,,,49548140.13,39,,,,,,,,
2023-02-27,,,49823528.31,45,,,,,,,,
2023-02-28,,,49712430.80,39,,,,,,,,
2023-03-01,,,51839122.50,39,,,,,,,,
2023-03-02,,,52069758.31,39,,,,,,,,
2023-03-03,,,55719369.68,39,,,,,,,,
2023-03-06,,,55777269.13,46,,,,,,,,
2023-03-07,,,55407114.38,42,,,,,,,,
2023-03-08,,,53601336.18,41,,,,,,,,
2023-03-09,,,52820576.63,41,,,,,,,,
2023-03-10,,,52317634.33,42,,,,,,,,
2023-03-13,,,52128468.04,45,,,,,,,,
2023-03-14,,,56540765.89,41,,,,,,,,
2023-03-15,,,55293675.96,40,,,,,1198.93,1.00,,
2023-03-16,,,55539941.48,41,,,,,2614.16,2.00,,
2023-03-17,,,55511175.41,38,,,,,2734.23,2.00,,
2023-03-20,,,43760469.93,51,,,,,6346.96,2.00,,
2023-03-21,,,46142024.35,36,,,,,6645.61,2.00,,
2023-03-22,,,45738711.64,36,,,,,6713.99,2.00,,
2023-03-23,,,50764309.22,37,,,,,7422.44,2.00,,
2023-03-24,,,51012576.42,36,,,,,7413.31,2.00,,
2023-03-27,,,50243903.87,40,,,,,6850.08,2.00,,
2023-03-28,,,50192091.46,35,,,,,6858.92,2.00,,
2023-03-29,,,50803765.14,35,,,,,6874.66,2.00,,
2023-03-30,,,51220436.01,35,,,,,6889.95,2.00,,
2023-03-31,,,54127745.45,36,,,,,7266.53,2.00,,
2023-04-03,,,54208250.91,41,,,,,7320.75,2.00,,
2023-04-04,,,54674861.96,35,,,,,7544.28,2.00,,
2023-04-05,,,58879066.34,35,,,,,7987.44,2.00,,
2023-04-06,,,59189671.50,35,,,,,7952.00,2.00,,
2023-04-07,,,59189543.71,35,,,,,7942.35,2.00,,
2023-04-10,,,78097524.88,43,,,,,5882.24,2.00,,
2023-04-11,,,77907165.58,38,,,,,5886.19,1.00,,
2023-04-12,,,78868351.17,38,,,,,6101.10,1.00,,
2023-04-13,,,81611714.78,38,,,,,6106.91,1.00,,
2023-04-14,,,82224787.02,38,,,,,6247.96,1.00,,
2023-04-17,,,74596560.07,47,,,,,5655.94,1.00,,
2023-04-18,,,75680731.42,40,,,,,5857.37,1.00,,
2023-04-19,,,75395940.70,40,,,,,5819.76,1.00,,
2023-04-20,,,81818720.43,40,,,,,6217.23,1.00,,
2023-04-21,,,86658041.41,40,,,,,6580.25,1.00,,
2023-04-24,,,103355458.06,47,,,,,6863.91,1.00,,
2023-04-25,,,107038015.10,42,,,,,6890.13,1.00,,
2023-04-26,,,112058871.63,42,,,,,7416.89,1.00,,
2023-04-27,,,113511856.35,42,,,,,7374.66,1.00,,
2023-04-28,,,114200708.04,42,,,,,7445.78,1.00,,
2023-05-01,,,95864198.91,46,,,,,6006.70,1.00,,
2023-05-02,,,87964640.78,42,,,,,5476.60,1.00,,
2023-05-03,,,87793647.68,42,,,,,5494.51,1.00,,
2023-05-04,,,94388542.57,42,,,,,5914.19,1.00,,
2023-05-05,,,99118615.37,42,,,,,6200.76,1.00,,
2023-05-08,,,101461593.01,48,,,,,5149.35,1.00,,
2023-05-09,,,101153521.72,41,,,,,5146.86,1.00,,
2023-05-10,,,108612734.44,41,,,,,5458.85,1.00,,
2023-05-11,,,108920360.98,41,,,,,5621.57,1.00,,
2023-05-12,,,108846503.35,41,,,,,5565.19,1.00,,
2023-05-15,,,106416943.52,48,,,,,5383.85,1.00,,
2023-05-16,,,110706597.91,42,,,,,5601.02,1.00,,
2023-05-17,,,113022961.32,41,,,,,5774.51,1.00,,
2023-05-18,,,116638974.75,41,,,,,5906.66,1.00,,
2023-05-19,,,118062898.68,41,,,,,5940.99,1.00,,
2023-05-22,,,112960789.34,45,,,,,5937.79,1.00,,
2023-05-23,,,117527179.19,40,,,,,6345.46,1.00,,
2023-05-24,,,115968201.93,44,,,,,6347.42,2.00,,
2023-05-25,,,117438555.43,40,,,,,6297.28,1.00,,
2023-05-26,,,109649077.70,40,,,,,5752.37,1.00,,
2023-05-29,,,109649077.70,40,,,,,5760.67,1.00,,
2023-05-30,,,102781140.59,45,,,,,5516.65,1.00,,
2023-05-31,,,102340467.33,39,,,,,5556.81,1.00,,
2023-06-01,,,103103763.83,39,,,,,5624.14,1.00,,
2023-06-02,,,104002769.32,39,,,,,5599.30,1.00,,
2023-06-05,,,95110562.66,43,,,,,0.00,1.00,,
2023-06-06,,,95163996.29,37,,,,,,,,
2023-06-07,,,100314476.86,38,,,,,,,,
2023-06-08,,,88988613.78,37,,,,,,,,
2023-06-09,,,89244490.49,37,,,,,,,,
2023-06-12,,,91345611.80,43,,,,,,,,
2023-06-13,,,93851995.90,39,,,,,,,,
2023-06-14,,,94833881.25,39,,,,,,,,
2023-06-15,,,95675194.73,39,,,,,,,,
2023-06-16,,,95304800.95,38,,,,,,,,
2023-06-19,,,95304800.95,38,,,,,,,,
2023-06-20,,,98774126.90,44,,,,,,,,
2023-06-21,,,98015416.06,41,,,,,,,,
2023-06-22,,,98562907.29,41,,,,,,,,
2023-06-23,,,98451747.99,43,,,,,,,,
2023-06-26,,,97656114.13,48,,,,,,,,
2023-06-27,,,97331483.82,43,,,,,,,,
2023-06-28,,,97471854.32,42,,,,,,,,
2023-06-29,,,98681022.36,42,,,,,,,,
2023-06-30,,,104162312.69,42,,,,,,,,
2023-07-03,,,104379499.29,44,,,,,,,,
2023-07-04,,,104379499.29,38,,,,,,,,
2023-07-05,,,116202309.75,39,,,,,,,,
2023-07-06,,,115199502.14,38,,,,,,,,
2023-07-07,,,115183589.66,38,,,,,,,,
2023-07-10,,,111900924.88,40,,,,,,,,
2023-07-11,,,112357038.12,40,,,,,,,,
2023-07-12,,,113400336.34,40,,,,,,,,
2023-07-13,,,114722478.43,40,,,,,,,,
2023-07-14,,,114568507.00,40,,,,,,,,
2023-07-17,,,122988126.09,47,,,,,,,,
2023-07-18,,,123672315.85,37,,,,,,,,
2023-07-19,,,124939471.00,37,,,,,,,,
2023-07-20,,,123173738.69,37,,,,,,,,
2023-07-21,,,110197517.30,37,,,,,,,,
2023-07-24,,,121466044.11,44,,,,,,,,
2023-07-25,,,121866004.14,38,,,,,,,,
2023-07-26,,,121832678.77,37,,,,,,,,
2023-07-27,,,128905325.11,37,,,,,,,,
2023-07-28,,,130270846.71,37,,,,,,,,
2023-07-31,,,130378746.71,42,,,,,,,,
2023-08-01,,,129771857.98,38,,,,,,,,
2023-08-02,,,127558568.64,38,,,,,,,,
2023-08-03,,,101318758.21,38,,,,,,,,
2023-08-04,,,101333571.78,38,,,,,,,,
2023-08-07,,,101785986.70,38,,,,,,,,
2023-08-08,,,101409729.77,38,,,,,,,,
2023-08-09,,,100888090.82,38,,,,,,,,
2023-08-10,,,100864235.64,38,,,,,,,,
2023-08-11,,,100487152.22,38,,,,,,,,
2023-08-14,,,95751993.13,49,,,,,,,,
2023-08-15,,,110650773.18,40,,,,,,,,
2023-08-16,,,105197232.76,40,,,,,,,,
2023-08-17,,,99688033.15,40,,,,,,,,
2023-08-18,,,91634528.33,40,,,,,,,,
2023-08-21,,,98862418.24,48,,,,,,,,
2023-08-22,,,95379638.40,39,,,,,,,,
2023-08-23,,,100549599.31,37,,,,,,,,
2023-08-24,,,100983148.11,37,,,,,,,,
2023-08-25,,,85248572.15,37,,,,,,,,
2023-08-28,,,75956433.75,44,,,,,,,,
2023-08-29,,,77926855.10,37,,,,,,,,
2023-08-30,,,70815921.94,37,,,,,,,,
2023-08-31,,,74849942.26,37,,,,,,,,
2023-09-01,,,74828096.23,38,,,,,,,,
2023-09-04,,,74828096.23,37,,,,,,,,
2023-09-05,,,86032916.76,48,,,,,,,,
2023-09-06,,,89862725.21,36,,,,,,,,
2023-09-07,,,89517568.40,34,,,,,,,,
2023-09-08,,,89510115.59,35,,,,,,,,
2023-09-11,,,101323023.71,43,,,,,,,,
2023-09-12,,,100607631.86,34,,,,,,,,
2023-09-13,,,100805230.71,34,,,,,,,,
2023-09-14,,,101643093.86,34,,,,,,,,
2023-09-15,,,100850774.14,34,,,,,,,,
2023-09-18,,,84440066.40,38,,,,,,,,
2023-09-19,,,88499049.30,33,,,,,,,,
2023-09-20,,,91210979.59,32,,,,,,,,
2023-09-21,,,82633996.85,32,,,,,,,,
2023-09-22,,,70893695.61,32,,,,,,,,
2023-09-25,,,71010675.06,37,,,,,,,,
2023-09-26,,,70235137.52,31,,,,,,,,
2023-09-27,,,70394736.31,31,,,,,,,,
2023-09-28,,,75146380.29,31,,,,,,,,
2023-09-29,,,77772015.40,32,,,,,,,,
2023-10-02,,,77917328.15,43,,,,,,,,
2023-10-03,,,87801331.87,35,,,,,,,,
2023-10-04,,,81649975.17,35,,,,,,,,
2023-10-05,,,81441176.83,34,,,,,,,,
2023-10-06,,,82691190.33,34,,,,,,,,
2023-10-09,,,62495877.99,42,,,,,,,,
2023-10-10,,,65844057.95,36,,,,,,,,
2023-10-11,,,76627571.78,33,,,,,,,,
2023-10-12,,,74318110.96,33,,,,,,,,
2023-10-13,,,73355653.17,28,,,,,,,,
2023-10-16,,,72200397.82,29,,,,,,,,
2023-10-17,,,72339419.55,27,,,,,,,,
2023-10-18,,,71604414.81,27,,,,,,,,
2023-10-19,,,71019310.91,27,,,,,,,,
2023-10-20,,,70645961.54,34,,,,,,,,
2023-10-23,,,79320252.61,31,,,,,,,,
2023-10-24,,,79693350.04,32,,,,,,,,
2023-10-25,,,83697955.54,34,,,,,,,,
2023-10-26,,,66245508.63,28,,,,,,,,
2023-10-27,,,66814018.58,27,,,,,,,,
2023-10-30,,,67535394.22,27,,,,,,,,
2023-10-31,,,67873581.89,28,,,,,,,,
2023-11-01,,,69016052.63,27,,,,,,,,
2023-11-02,,,70238295.23,27,,,,,,,,
2023-11-03,,,73181650.80,27,,,,,,,,
2023-11-06,,,73931591.34,28,,,,,,,,
2023-11-07,,,75286706.02,27,,,,,,,,
2023-11-08,473118.72,2.00,77209455.06,28,,,,,,,197385.80,1.00
2023-11-09,471251.72,2.00,76966526.16,28,,,,,,,221213.76,1.00
2023-11-10,460579.84,2.00,78516598.72,28,,,,,,,218641.42,1.00
2023-11-13,497148.41,2.00,78341632.13,28,,,,,,,217659.96,1.00
2023-11-14,491319.86,2.00,7889373.95,28,,,,,,,219087.66,1.00
2023-11-15,544412.19,2.00,31723140.53,17,,,,,,,219878.78,1.00
2023-11-16,917555.61,3.00,31728052.10,20,,,,,,,218598.21,1.00
2023-11-17,870882.44,3.00,42786730.64,41,,,,,,,218721.61,1.00
2023-11-20,892798.64,3.00,58597197.00,42,,,,,,,221440.50,1.00
2023-11-21,967043.29,3.00,72332115.08,42,,,,,,,225540.00,1.00
2023-11-22,978387.58,3.00,80934028.37,42,,,,,,,223828.92,1.00
2023-11-23,1001890.70,3.00,80934028.37,42,,,,,,,224875.26,1.00
2023-11-24,984031.92,3.00,84076435.26,44,,,,,,,223742.07,1.00
2023-11-27,989604.48,3.00,96277490.14,43,,,,,,,221661.99,1.00
2023-11-28,978998.28,3.00,109647723.79,43,,,,,,,223217.47,1.00
2023-11-29,958733.71,3.00,124905072.77,42,,,,,,,223613.46,1.00
2023-11-30,976634.88,3.00,137615379.65,42,,,,,,,225729.00,1.00
2023-12-01,958494.72,3.00,154470028.47,44,,,,,,,222428.98,1.00
2023-12-04,945315.84,3.00,159359256.79,45,,,,,,,220431.90,1.00
2023-12-05,925146.75,3.00,164213107.72,41,,,,,,,214411.14,1.00
2023-12-06,936496.64,3.00,175321301.93,41,,,,,,,213658.38,1.00
2023-12-07,926958.08,3.00,176052522.48,41,,,,,,,213588.00,1.00
2023-12-08,927100.69,3.00,188796473.02,43,,,,,,,213592.38,1.00
2023-12-11,917759.64,3.00,192456092.03,39,,,,,,,212419.80,1.00
2023-12-12,932959.99,3.00,216976147.71,39,,,,,,,213919.75,1.00
2023-12-13,920798.72,3.00,228254063.62,40,,,,,,,209309.40,1.00
2023-12-14,915284.75,3.00,245606681.02,40,,,,,,,206712.32,1.00
2023-12-15,945221.16,3.00,245247255.76,39,,,,,,,207566.10,1.00
2023-12-18,938791.63,3.00,244977583.97,38,,,,,,,209412.00,1.00
2023-12-19,936321.52,3.00,247761223.44,38,,,,,,,211653.00,1.00
2023-12-20,944691.39,3.00,244723177.60,40,,,,,,,207576.58,1.00
2023-12-21,946759.68,3.00,246304532.30,39,,,,,,,210420.00,1.00
2023-12-22,876203.52,3.00,248023009.44,37,,,,,,,210201.18,1.00
2023-12-25,876203.52,3.00,248023009.44,37,,,,,,,210521.52,1.00
2023-12-26,876888.05,3.00,250328206.31,37,,,,,,,210420.00,1.00
2023-12-27,901056.00,3.00,252403327.10,38,,,,,,,209749.49,1.00
2023-12-28,926827.52,3.00,251339380.95,40,,,,,,,218124.99,1.00
2023-12-29,930236.58,3.00,248822764.55,38,,,,,,,218097.36,1.00
2024-01-01,929510.40,3.00,248822764.55,38,,,,,,,218097.36,1.00
2024-01-04,1023526.68,3.00,119262473.80,45,,,,,,,209242.53,1.00
2024-01-05,1004241.92,3.00,117519242.84,45,,,,,,,208984.55,1.00
2024-01-08,988534.89,3.00,113987757.85,45,,,,,,,206550.90,1.00
2024-01-09,977890.14,3.00,115686115.22,47,,,,,,,205584.48,1.00
2024-01-10,970369.62,3.00,114820955.93,47,,,,,,,205647.12,1.00
2024-01-11,990217.15,3.00,114181634.65,48,,,,,,,206578.67,1.00
2024-01-12,989534.16,3.00,114265201.89,48,,,,,,,205694.68,1.00
2024-01-15,963052.24,3.00,114265201.89,48,,,,,,,205459.20,1.00
2024-01-16,945265.04,3.00,113688016.90,48,,,,,,,204354.95,1.00
2024-01-17,915221.70,3.00,115067345.98,50,,,,,,,196573.05,1.00
2024-01-18,929792.07,3.00,115758760.84,50,,,,,,,200939.92,1.00
2024-01-19,913075.54,3.00,117611415.37,49,,,,,,,204244.20,1.00
2024-01-22,1190457.38,5.00,118244085.21,51,,,,,,,205414.20,1.00
2024-01-23,1441530.32,5.00,119741518.58,49,,,,,,,203265.45,1.00
2024-01-24,1516016.61,5.00,121498969.18,49,,,,,,,204290.64,1.00
2024-01-25,1575935.20,5.00,122231433.29,49,,,,,,,205356.06,1.00
2024-01-26,1896819.20,5.00,120969430.62,49,,,,,,,204976.09,1.00
2024-01-29,2263511.04,5.00,123296863.74,49,,,,,,,206563.50,1.00
2024-01-30,2219203.14,5.00,119437209.29,49,,,,,,,201931.47,1.00
2024-01-31,2363131.56,5.00,83538010.52,49,,,,,,,201063.12,1.00
2024-02-01,2357547.44,5.00,67686292.68,30,,,,,,,201559.66,1.00
2024-02-02,2390617.28,5.00,74268275.18,27,,,,,,,199085.04,1.00
2024-02-05,2388042.68,5.00,73031811.25,27,,,,,,,203180.75,1.00
2024-02-06,2448555.98,5.00,55177868.89,29,,,,,,,209516.76,1.00
2024-02-07,3646329.23,5.00,58977885.12,21,,,,,,,213428.89,1.00
2024-02-08,3612044.37,5.00,62210124.83,22,,,,,,,212806.44,1.00
2024-02-09,3592317.06,5.00,64658628.39,21,,,,,,,212652.90,1.00
2024-02-12,3592317.06,5.00,67395676.01,33,,,,,,,212806.44,1.00
2024-02-13,3592317.06,5.00,69876233.38,21,,,,,,,212345.82,1.00
2024-02-14,3602267.69,5.00,76432091.57,23,,,,,,,212499.36,1.00
2024-02-15,3596673.35,5.00,84170222.16,21,,,,,,,212806.44,1.00
2024-02-16,3640431.56,5.00,90468189.30,21,,,,,,,212806.44,1.00
2024-02-20,3763820.73,5.00,94252066.99,21,,,,,,,208766.70,1.00
2024-02-21,3767744.71,5.00,79672290.53,22,,,,,,,214724.68,1.00
2024-02-22,3938836.90,5.00,80405013.08,21,,,,,,,214814.68,1.00
2024-02-23,3946129.16,5.00,85867615.06,19,,,,,,,214124.12,1.00
2024-02-26,3961189.12,5.00,86837010.72,19,,,,,,,211584.35,1.00
2024-02-27,4453175.66,5.00,93125219.02,18,,,,,,,210748.23,1.00
2024-02-28,4860305.57,5.00,98290291.05,18,,,,,,,209756.55,1.00
2024-02-29,5255169.15,5.00,103261573.24,21,,,,,,,211586.85,1.00
2024-03-01,5261209.35,5.00,109982975.95,22,,,,,,,210346.04,1.00
2024-03-04,5384060.64,5.00,115450958.88,21,,,,,,,209252.53,1.00
2024-03-05,5797971.61,5.00,119021735.48,21,,,,,,,211599.33,1.00
2024-03-06,5837316.11,5.00,126196734.31,21,,,,,,,209783.06,1.00
2024-03-07,5942546.07,5.00,128254702.92,21,,,,,,,210470.59,1.00
2024-03-08,6117700.01,5.00,127995800.29,21,,,,,,,208945.46,1.00
2024-03-11,6501242.22,5.00,132618764.57,22,,,,,,,212438.21,1.00
2024-03-12,6547861.12,5.00,140215691.15,22,,,,,,,218613.60,1.00
2024-03-13,6598081.41,5.00,148208258.00,24,,,,,,,216104.00,1.00
2024-03-14,6654809.27,5.00,151417275.03,24,,,,,,,214441.42,1.00
2024-03-15,7092156.20,5.00,154388352.07,24,,,,,,,214548.85,1.00
2024-03-18,7580384.88,5.00,158734626.78,24,,,,,,,213395.84,1.00
2024-03-19,7654430.20,5.00,159012947.72,24,,,,,,,213212.14,1.00
2024-03-20,7777363.57,5.00,165975968.39,24,,,,,,,213409.37,1.00
2024-03-21,7856057.70,5.00,200315744.01,24,,,,,,,213026.85,1.00
2024-03-22,8141580.79,5.00,200248556.38,24,,,,,,,210388.94,1.00
2024-03-25,8253193.64,5.00,203711781.01,24,,,,,,,209623.03,1.00
2024-03-26,8270651.13,5.00,203203978.11,24,,,,,,,212293.82,1.00
2024-03-27,8137319.94,5.00,203968301.72,24,,,,,,,211111.11,1.00
2024-03-28,8369003.45,5.00,204129155.91,24,,,,,,,210884.25,1.00
2024-04-01,8369003.45,5.00,237292960.68,25,,,,,,,213479.35,1.00
2024-04-02,8816520.37,5.00,235852624.06,24,,,,,,,212569.04,1.00
2024-04-03,10784109.21,6.00,236610869.70,24,,,,,,,213016.66,1.00
2024-04-04,10784109.21,6.00,236313073.36,24,,,,,,,212862.30,1.00
2024-04-05,16014590.74,9.00,243335429.20,24,,,,,,,213016.66,1.00
2024-04-08,17958223.31,10.00,246637153.50,25,,,,,,,207149.17,1.00
2024-04-09,17860574.69,10.00,249938108.16,26,,,,,,,206746.92,1.00
2024-04-10,18255859.47,10.00,247001519.82,26,,,,,,,204234.16,1.00
2024-04-11,18306123.41,10.00,250051475.74,26,,,,,,,204384.96,1.00
2024-04-12,18047408.16,10.00,245388828.45,26,,,,,,,202358.28,1.00
2024-04-15,18151005.99,10.00,242981710.22,26,,,,,,,207482.98,1.00
2024-04-16,17876132.38,10.00,242436746.78,26,,,,,,,206963.10,1.00
2024-04-17,17808830.03,10.00,239638034.52,26,,,,,,,207041.40,1.00
2024-04-18,17770187.11,10.00,238834151.63,26,,,,,,,207360.51,1.00
2024-04-19,17862450.23,10.00,223088583.08,26,,,,,,,204364.49,1.00
2024-04-22,17640598.18,10.00,218900693.41,22,,,,,,,207891.70,1.00
2024-04-23,17787224.49,10.00,220276203.30,21,,,,,,,209724.26,1.00
2024-04-24,18151197.56,10.00,220603295.56,23,,,,,,,209583.00,1.00
2024-04-25,18301641.81,10.00,219492464.96,23,,,,,,,209970.82,1.00
2024-04-26,18989375.14,10.00,222596821.21,23,,,,,,,211695.81,1.00
2024-04-29,18942010.55,10.00,223556710.66,23,,,,,,,211790.16,1.00
2024-04-30,19107230.14,10.00,220229096.40,23,,,,,,,211454.10,1.00
2024-05-01,19107230.14,10.00,218061727.67,23,,,,,,,212067.90,1.00
2024-05-02,19261649.92,11.00,221097525.68,23,,,,,,,212988.60,1.00
2024-05-03,19416430.72,11.00,224210918.17,23,,,,,,,213295.50,1.00
2024-05-06,19577491.00,11.00,227223168.16,23,,,,,,,430157.81,2.00
2024-05-07,19391409.12,10.00,226545141.78,23,,,,,,,936984.62,3.00
2024-05-08,19315242.76,10.00,226792109.11,23,,,,,,,937265.34,3.00
2024-05-09,19728086.53,10.00,227191730.04,23,,,,,,,953308.52,3.00
2024-05-10,20990681.34,10.00,226277887.10,23,,,,,,,955062.32,3.00
2024-05-13,20830999.42,10.00,191631187.22,23,,,,,,,966210.85,3.00
2024-05-14,20859394.94,10.00,193070883.58,23,,,,,,,958954.25,3.00
2024-05-15,20859394.94,10.00,188346503.23,23,,,,,,,957452.99,3.00
2024-05-16,20961885.98,10.00,187662814.21,23,,,,,,,963865.22,3.00
2024-05-17,21131230.62,10.00,187754316.17,23,,,,,,,942595.31,3.00
2024-05-20,21483394.61,10.00,188399592.76,23,,,,,,,922062.74,3.00
2024-05-21,20939349.23,10.00,188441475.56,24,,,,,,,922820.63,3.00
2024-05-22,21145925.99,10.00,187611854.60,24,,,,,,,904215.89,3.00
2024-05-23,20922849.28,10.00,173772698.53,27,,,,,,,904086.65,3.00
2024-05-24,20985096.96,10.00,153754652.26,27,,,,,,,908102.02,3.00
2024-05-27,21541471.50,10.00,150775051.58,24,,,,,,,942841.65,3.00
2024-05-28,21631728.51,10.00,155144153.64,25,,,,,,,932396.44,3.00
2024-05-29,22210471.94,12.00,150720691.11,26,,,,,,,1177791.72,4.00
2024-05-30,22201161.33,12.00,151886606.46,26,,,,,,,1171843.04,4.00
2024-05-31,22145156.88,12.00,153127138.45,32,,,,,,,1162488.60,4.00
2024-06-03,22467509.12,12.00,162379526.97,35,,,,,,,1167474.21,4.00
2024-06-04,22391157.25,12.00,163828594.37,37,,,,,,,1176118.80,4.00
2024-06-05,22128129.41,12.00,169994176.85,42,,,,,,,1137213.52,4.00
2024-06-06,22556305.41,12.00,169901213.01,50,,,,,,,1149624.20,4.00
2024-06-07,23116613.53,13.00,169735298.87,55,,,,,,,1129818.03,4.00
2024-06-10,23116613.53,13.00,168717958.74,52,680354.46,2.00,,,,,1128997.55,4.00
2024-06-11,22846606.62,13.00,167762684.03,52,652433.52,2.00,,,,,1124053.43,4.00
2024-06-12,22813753.32,15.00,170974940.05,58,668175.63,2.00,,,,,1137707.69,4.00
2024-06-13,22709994.60,14.00,169864594.01,61,966378.66,3.00,,,,,1110095.13,4.00
2024-06-14,22621993.84,15.00,169730424.42,54,937685.00,5.00,,,,,1120116.25,4.00
2024-06-17,22472117.20,19.00,168648644.64,47,952158.40,3.00,,,,,1103875.09,4.00
2024-06-18,22460889.86,21.00,178609898.07,48,957872.14,3.00,,,,,1103971.55,4.00
2024-06-19,23366546.03,24.00,178609898.07,41,946161.23,3.00,,,,,1093539.58,4.00
2024-06-20,23639264.55,27.00,172221170.76,48,964916.40,3.00,,,,,1087758.37,4.00
2024-06-21,22964572.78,31.00,179830719.91,49,951623.53,3.00,,,,,1077080.91,4.00
2024-06-24,22975395.75,27.00,178819977.23,55,986508.27,1.00,,,,,1088335.49,4.00
2024-06-25,23032122.45,28.00,193726977.79,66,1297797.69,2.00,,,,,1077650.30,4.00
2024-06-26,22943170.48,32.00,204139536.98,65,2252336.65,2.00,,,,,1032282.39,4.00
2024-06-27,22584858.41,32.00,203809988.12,64,2248570.01,2.00,,,,,975191.42,4.00
2024-06-28,21982192.04,25.00,205082983.65,66,2232303.68,2.00,,,,,0.00,1.00
2024-07-01,21965031.85,22.00,195817315.78,52,2318172.08,2.00,,,,,333506.75,2.00
2024-07-02,22560785.39,23.00,198915260.63,53,2302706.15,2.00,,,,,325594.40,2.00
