"BOF","U8251256","Portfolio Dashboard","6","2025-04-21","2025-04-21","2025-10-06;12:26:29","100","100"
"BOA","U8251256"
"BOS","ACCT","Account Information"
"ClientAccountID","CurrencyPrimary"
"U8251256","USD"
"EOS","ACCT","1","0"
"BOS","CNAV","Change In NAV"
"StartingValue","Realized","ChangeInUnrealized","DepositsWithdrawals","EndingValue"
"38147671.46845529","0","0","0","38147694.724994056"
"EOS","CNAV","1","38147694.724994056"
"BOS","MTMP","Mark-to-Market Performance Summary in Base"
Total,PriorOpenMtmPnl,TransactionMtmPnl,CloseQuantity,Expiry,Strike,Multiplier,Symbol,AssetClass,SubCategory,UnderlyingSymbol,ClosePrice
0.0,0.0,0,378900.0,,,1.0,SGOV,STK,ETF,SGOV,100.57
0.0,0.0,0,4.515e-06,,,0.0,CAD,CASH,,,0.72252
-3.2e-07,-3.2e-07,0,-2.9287e-05,,,0.0,CHF,CASH,,,1.236
0.21637653,0.21637653,0,17.882357913,,,0.0,EUR,CASH,,,1.1513
1.06430409,1.06430409,0,21286.08172338,,,0.0,HKD,CASH,,,0.12888
-1.1e-07,-1.1e-07,0,-0.0017193,,,0.0,JPY,CASH,,,0.0070991
6e-08,6e-08,0,-0.00382842,,,0.0,MXN,CASH,,,0.050684
4e-07,4e-07,0,0.000335185,,,0.0,SEK,CASH,,,0.10499
0.09585813,0.09585813,0,27.31000711,,,0.0,SGD,CASH,,,0.7662
0.0,0.0,0,38750.512099425,,,0.0,USD,CASH,,,1.0
1.37653878,0.0,0,,,,,,,,,
"EOS","MTMP","11","2.75307756"
"BOS","CRTT","Cash Report; trade date basis"
"CurrencyPrimary","EndingCash","EndingCashSecurities","EndingCashCommodities","NetCashBalanceSLB","NetCashBalanceSLBSecurities","NetCashBalanceSLBCommodities"
"BASE_SUMMARY","41535.374994057","41535.373974157","0.0010199","41535.374994057","41535.373974157","0.0010199"
"CAD","0.000004515","0.000004515","0","0.000004515","0.000004515","0"
"CHF","-0.000029287","-0.000029287","0","-0.000029287","-0.000029287","0"
"EUR","17.882357913","17.882357913","0","17.882357913","17.882357913","0"
"HKD","21286.08172338","21286.08172338","0","21286.08172338","21286.08172338","0"
"JPY","-0.0017193","-0.0017193","0","-0.0017193","-0.0017193","0"
"MXN","-0.00382842","-0.00382842","0","-0.00382842","-0.00382842","0"
"SEK","0.000335185","0.000335185","0","0.000335185","0.000335185","0"
"SGD","27.31000711","27.31000711","0","27.31000711","27.31000711","0"
"USD","38750.512099425","38750.511079525","0.0010199","38750.512099425","38750.511079525","0.0010199"
"EOS","CRTT","10","101617.155944578"
"BOS","TRNT","Trades; trade date basis"
Symbol,Strike,Expiry,Put/Call,TradeDate,Quantity,TradePrice,IBCommission,FifoPnlRealized,CapitalGainsPnl,FxPnl,Buy/Sell,AssetClass
"EOS","TRNT","0","0"
"BOS","RATE","Conversion Rates"
"Date/Time","FromCurrency","ToCurrency","Rate"
"2025-04-21","CHF","USD","1.236"
"2025-04-21","MXN","USD","0.050684"
"2025-04-21","QAR","USD","0.27409"
"2025-04-21","SAR","USD","0.26654"
"2025-04-21","ZAR","USD","0.053346"
"2025-04-21","INR","USD","0.01174"
"2025-04-21","THB","USD","0.030198"
"2025-04-21","CNY","USD","0.13713"
"2025-04-21","AUD","USD","0.64163"
"2025-04-21","KRW","USD","0.00070293"
"2025-04-21","ILS","USD","0.26923"
"2025-04-21","JPY","USD","0.0070991"
"2025-04-21","PLN","USD","0.26964"
"2025-04-21","GBP","USD","1.338"
"2025-04-21","IDR","USD","0.000059506"
"2025-04-21","HUF","USD","0.002826"
"2025-04-21","KWD","USD","3.267"
"2025-04-21","PHP","USD","-1"
"2025-04-21","TRY","USD","0.02618"
"2025-04-21","RUB","USD","0.012344"
"2025-04-21","AED","USD","0.27225"
"2025-04-21","HKD","USD","0.12888"
"2025-04-21","TWD","USD","0.030815"
"2025-04-21","EUR","USD","1.1513"
"2025-04-21","DKK","USD","0.15419"
"2025-04-21","CAD","USD","0.72252"
"2025-04-21","MYR","USD","0.22883"
"2025-04-21","BGN","USD","0.58248"
"2025-04-21","NOK","USD","0.096439"
"2025-04-21","RON","USD","0.23122"
"2025-04-21","RUS","USD","0.012344"
"2025-04-21","SGD","USD","0.7662"
"2025-04-21","OMR","USD","2.5974"
"2025-04-21","CZK","USD","0.046005"
"2025-04-21","SEK","USD","0.10499"
"2025-04-21","NZD","USD","0.60007"
"2025-04-21","CNH","USD","0.13711"
"2025-04-21","BRL","USD","0.1722"
"2025-04-21","BHD","USD","2.653"
"EOS","RATE","39","0"
"EOA","U8251256"
"BOA","U18135473"
"BOS","ACCT","Account Information"
"ClientAccountID","CurrencyPrimary"
"U18135473","USD"
"EOS","ACCT","1","0"
"BOS","CNAV","Change In NAV"
"StartingValue","Realized","ChangeInUnrealized","DepositsWithdrawals","EndingValue"
"22098732.50434099","0","0","0","20708849.834788375"
"EOS","CNAV","1","20708849.834788375"
"BOS","MTMP","Mark-to-Market Performance Summary in Base"
Total,PriorOpenMtmPnl,TransactionMtmPnl,CloseQuantity,Expiry,Strike,Multiplier,Symbol,AssetClass,SubCategory,UnderlyingSymbol,ClosePrice
0.0,0.0,0,10000.0,,,1.0,1810,STK,COMMON,1810,41.95
0.0,0.0,0,700.0,,,1.0,2097,STK,COMMON,2097,466.6
0.0,0.0,0,5600.0,,,1.0,2359,STK,COMMON,2359,51.95
0.0,0.0,0,10400.0,,,1.0,2828,STK,ETF,2828,80.98
0.0,0.0,0,67500.0,,,1.0,3067,STK,ETF,3067,10.26
0.0,0.0,0,2400.0,,,1.0,700,STK,COMMON,700,458.0
0.0,0.0,0,104000.0,,,1.0,857,STK,COMMON,857,5.67
0.0,0.0,0,32000.0,,,1.0,883,STK,COMMON,883,16.82
0.0,0.0,0,10000.0,,,1.0,941,STK,COMMON,941,83.55
0.0,0.0,0,1000.0,,,1.0,9961,STK,COMMON,9961,449.8
-18991.1,-18991.1,0,3590.0,,,1.0,AMZN,STK,COMMON,AMZN,167.32
-7725.0,-7725.0,0,7500.0,,,1.0,EXC,STK,COMMON,EXC,46.23
1584.0,1584.0,0,2200.0,,,1.0,FXY,STK,ETF,FXY,65.52
-2113.8,-2113.8,0,260.0,,,1.0,GS,STK,COMMON,GS,501.36
108528.0,108528.0,0,106400.0,,,1.0,IAUM,STK,ETF,IAUM,34.15
1095.0,1095.0,0,750.0,,,1.0,IBIT,STK,ETF,IBIT,49.72
-5415.0,-5415.0,0,1500.0,,,1.0,ICE,STK,COMMON,ICE,155.03
-4788.0,-4788.0,0,6300.0,,,1.0,IYK,STK,ETF,IYK,70.69
-1440.0,-1440.0,0,1800.0,,,1.0,MDT,STK,COMMON,MDT,81.8
901.6,901.6,0,1610.0,,,1.0,MSTR,STK,COMMON,MSTR,317.76
-43464.2,-43464.2,0,9490.0,,,1.0,NVDA,STK,COMMON,NVDA,96.91
-24727.5,-24727.5,0,2250.0,,,1.0,QQQ,STK,ETF,QQQ,433.11
-9973.5,-9973.5,0,3050.0,,,1.0,RSP,STK,ETF,RSP,159.39
-8976.0,-8976.0,0,6800.0,,,1.0,SPLV,STK,ETF,SPLV,70.8
-22960.0,-22960.0,0,41000.0,,,1.0,TIP,STK,ETF,TIP,108.47
-37638.0,-37638.0,0,24600.0,,,1.0,TLT,STK,ETF,TLT,86.0
-1250040.0,-1250040.0,0,378800.0,,,1.0,TQQQ,STK,ETF,TQQQ,41.86
-51180.3,-51180.3,0,3690.0,,,1.0,TSLA,STK,COMMON,TSLA,227.5
-6396.24,-6396.24,0,2757.0,,,1.0,UBER,STK,COMMON,UBER,72.92
262.42044738,262.42044738,0,-835793.052295,,,0.0,HKD,CASH,,,0.12888
0.0,0.0,0,-12490247.280391846,,,0.0,USD,CASH,,,1.0
-1383457.61955262,0.0,0,,,,,,,,,
"EOS","MTMP","32","-2766915.23910524"
"BOS","CRTT","Cash Report; trade date basis"
"CurrencyPrimary","EndingCash","EndingCashSecurities","EndingCashCommodities","NetCashBalanceSLB","NetCashBalanceSLBSecurities","NetCashBalanceSLBCommodities"
"BASE_SUMMARY","-12597964.288971625","-12597964.288971625","0","-12597964.288971625","-12597964.288971625","0"
"HKD","-835793.052295","-835793.052295","0","-835793.052295","-835793.052295","0"
"USD","-12490247.280391846","-12490247.280391846","0","-12490247.280391846","-12490247.280391846","0"
"EOS","CRTT","3","-25924004.62165847"
"BOS","TRNT","Trades; trade date basis"
Symbol,Strike,Expiry,Put/Call,TradeDate,Quantity,TradePrice,IBCommission,FifoPnlRealized,CapitalGainsPnl,FxPnl,Buy/Sell,AssetClass
"EOS","TRNT","0","0"
"BOS","RATE","Conversion Rates"
"Date/Time","FromCurrency","ToCurrency","Rate"
"2025-04-21","CHF","USD","1.236"
"2025-04-21","MXN","USD","0.050684"
"2025-04-21","QAR","USD","0.27409"
"2025-04-21","SAR","USD","0.26654"
"2025-04-21","ZAR","USD","0.053346"
"2025-04-21","INR","USD","0.01174"
"2025-04-21","THB","USD","0.030198"
"2025-04-21","CNY","USD","0.13713"
"2025-04-21","AUD","USD","0.64163"
"2025-04-21","KRW","USD","0.00070293"
"2025-04-21","ILS","USD","0.26923"
"2025-04-21","JPY","USD","0.0070991"
"2025-04-21","PLN","USD","0.26964"
"2025-04-21","GBP","USD","1.338"
"2025-04-21","IDR","USD","0.000059506"
"2025-04-21","HUF","USD","0.002826"
"2025-04-21","KWD","USD","3.267"
"2025-04-21","PHP","USD","-1"
"2025-04-21","TRY","USD","0.02618"
"2025-04-21","RUB","USD","0.012344"
"2025-04-21","AED","USD","0.27225"
"2025-04-21","HKD","USD","0.12888"
"2025-04-21","TWD","USD","0.030815"
"2025-04-21","EUR","USD","1.1513"
"2025-04-21","DKK","USD","0.15419"
"2025-04-21","CAD","USD","0.72252"
"2025-04-21","MYR","USD","0.22883"
"2025-04-21","BGN","USD","0.58248"
"2025-04-21","NOK","USD","0.096439"
"2025-04-21","RON","USD","0.23122"
"2025-04-21","RUS","USD","0.012344"
"2025-04-21","SGD","USD","0.7662"
"2025-04-21","OMR","USD","2.5974"
"2025-04-21","CZK","USD","0.046005"
"2025-04-21","SEK","USD","0.10499"
"2025-04-21","NZD","USD","0.60007"
"2025-04-21","CNH","USD","0.13711"
"2025-04-21","BRL","USD","0.1722"
"2025-04-21","BHD","USD","2.653"
"EOS","RATE","39","0"
"EOA","U18135473"
"EOF"